{"RepetitionTime":3,"SliceTiming":[0,0.1276,0.2552,0.3828,0.5104,0.6379999999999999,0.7656,0.8932,1.0208,1.1483999999999999,1.2759999999999998,1.4036,1.5312,1.6587999999999998,1.7863999999999998,1.9139999999999997,2.0416,2.1692,2.2967999999999997,2.4244,2.5519999999999996,2.6795999999999998,2.8072,2.9347999999999996,0.0638,0.1914,0.31899999999999995,0.4466,0.57419999999999993,0.7018,0.82939999999999992,0.957,1.0846,1.2122,1.3397999999999999,1.4673999999999998,1.5949999999999998,1.7226,1.8501999999999998,1.9777999999999998,2.1053999999999995,2.2329999999999997,2.3606,2.4882,2.6157999999999997,2.7434,2.8709999999999996]}